热门查询,点击次数,展示,点击率,排名
audicap,13,111,11.71%,3.03
audicap cap,0,12,0%,10.92
how to transcribe google meet without bot,0,6,0%,56.83
audicap tablet,0,4,0%,10.5
youtube transcript generator chrome,0,3,0%,8.67
live caption translation extension chrome,0,2,0%,24.5
chrome live transcription,0,1,0%,7
otter chrome,0,1,0%,8
otter ai chrome,0,1,0%,9
chrome audio capture alternative,0,1,0%,10
audicap tablet uses,0,1,0%,11
como transcribir una llamada de meet,0,1,0%,11
audyncap,0,1,0%,31
dicap,0,1,0%,41
即時 字幕,0,1,0%,90